"name","samaccountname","userprincipalname"
"Hanasab, Daniel","DHanasab","DHanasab@flushingbank.com"
"Thompson, LaTeesha","LThompson1","LThompson1@flushingbank.com"
"Thilman, Kathleen","kthilman","kthilman@flushingbank.com"
"Perrotta, Tammy","TPerrotta","TPerrotta@flushingbank.com"
"Marte, Jaclyn","JMarte","JMarte@flushingbank.com"
"Stewart, Richard","rstewart","rstewart@flushingbank.com"
"Bisnauth, Sasha","SBisnauth","SBisnauth@flushingbank.com"
"Cubrah, Meenakshi","MCubrah","MCubrah@flushingbank.com"
"Maramonte, Tommasa","TMaramonte","TMaramonte@flushingbank.com"
"Rodriguez, Gloria","GRodriguez","GRodriguez@flushingbank.com"
"Soffer, Michael","msoffer","msoffer@flushingbank.com"
"Ramsamooj, Amrita","ARamsamooj","ARamsamooj@flushingbank.com"
"Harvey, Alicia","AHarvey","AHarvey@flushingbank.com"
"Rokhsar, Sherry","SRokhsar","SRokhsar@flushingbank.com"
"Sompolou, Amalia","asompolou","asompolou@flushingbank.com"
"Jurakan, Esther","EJurakan","EJurakan@flushingbank.com"
"OHara, Christopher","COHara","COHara@flushingbank.com"
"Jacovatos, James","jjacovatos","jjacovatos@flushingbank.com"
"Ticona, Jose","jticona","jticona@flushingbank.com"
"Kim, Jin Bae","JKIM","JKIM@flushingbank.com"
"Grossman, Lauren","lyam","lyam@flushingbank.com"
"Noto, Lorraine","LNoto","LNoto@flushingbank.com"
