"Name","SamAccountName","UserPrincipalName"
"#99 Park Ave","#99 Park Ave",
"#99 Park Ave Branch","#99 Park Ave Branch",
"#Astoria","#Astoria",
"#Ave J","#Ave J",
"#Bayridge","#Bayridge",
"#Bell","#Bell",
"#Bensonhurst","#Bensonhurst",
"#Borough Park","#BoroughPark",
"#Broadway","#Broadway",
"#Chatham Square","#Chatham Square",
"#Chinatown","#Chinatown",
"#Elmhurst","#Elmhurst",
"#Empire","#Empire",
"#ForestHills","#ForestHills",
"#Garden City","#Garden City",
"#Hauppauge","#Hauppauge",
"#Hicksville","#Hicksville",
"#IGO_Banking","#IGO_Banking",
"#Islandia","#Islandia",
"#Jackson Heights","#Jackson Heights",
"#Jamaica","#Jamaica",
"#Kissena","#Kissena",
"#Melville","#Melville",
"#Montague","#Montague",
"#Murray Hill","#Murray Hill",
"#New Hyde Park","#New Hyde Park",
"#Park Avenue South","#Park Avenue South",
"#PAS Branch","#PAS Branch",
"#PAS Credit Center","#PAS Credit Center",
"#Port Jefferson","#Port Jefferson",
"#Roosevelt","#Roosevelt",
"#RXR - Headquarters","#RXR - Headquarters",
"#RXR Plaza - Branch","#RXR Plaza - Branch",
"#Shirley","#Shirley",
"#Springfield","#Springfield",
"#Williamsburg","#Williamsburg",
